Metric,Value
Mean Squared Error,4.4568466382129355
R-squared,0.9630394737465985
